{"cameraMode":{"drawMode":0,"name":"Shaded","section":"Shading Mode"},"sceneLighting":false,"audioPlay":false,"sceneViewState":{"m_AlwaysRefresh":false,"showFog":true,"showSkybox":false,"showFlares":true,"showImageEffects":true,"showParticleSystems":true,"showVisualEffectGraphs":true,"m_FxEnabled":true},"in2DMode":false,"pivot":{"x":9.787683486938477,"y":3.0402793884277345,"z":2.195894241333008},"rotation":{"x":-0.03328930214047432,"y":0.02907692827284336,"z":-0.0009687932906672359,"w":-0.9990225434303284},"size":0.0937994197010994,"orthographic":false}